{"v":"5.9.0","fr":29.9700012207031,"ip":0,"op":450.000018328876,"w":1920,"h":1080,"nm":"IGR Scene1","ddd":0,"assets":[{"id":"image_0","w":2287,"h":7,"u":"images/","p":"img_0.png","e":0},{"id":"image_1","w":1932,"h":120,"u":"images/","p":"img_1.png","e":0},{"id":"image_2","w":370,"h":870,"u":"images/","p":"img_2.png","e":0},{"id":"image_3","w":787,"h":1073,"u":"images/","p":"img_3.png","e":0},{"id":"image_4","w":777,"h":528,"u":"images/","p":"img_4.png","e":0},{"id":"image_5","w":462,"h":530,"u":"images/","p":"img_5.png","e":0},{"id":"image_6","w":208,"h":839,"u":"images/","p":"img_6.png","e":0},{"id":"image_7","w":505,"h":344,"u":"images/","p":"img_7.png","e":0},{"id":"image_8","w":2147,"h":1467,"u":"images/","p":"img_8.png","e":0}],"layers":[{"ddd":0,"ind":1,"ty":2,"nm":"Rectangle 3134.png","cl":"png","refId":"image_0","sr":1,"ks":{"o":{"a":1,"k":[{"i":{"x":[0.833],"y":[0.833]},"o":{"x":[0.333],"y":[0]},"t":0,"s":[56]},{"i":{"x":[0.833],"y":[0.833]},"o":{"x":[0.333],"y":[0]},"t":50,"s":[96]},{"i":{"x":[0.833],"y":[1]},"o":{"x":[0.333],"y":[0]},"t":100,"s":[100]},{"i":{"x":[0.833],"y":[1]},"o":{"x":[0.333],"y":[0]},"t":150,"s":[100]},{"i":{"x":[0.833],"y":[1]},"o":{"x":[0.333],"y":[0]},"t":210,"s":[100]},{"i":{"x":[0.833],"y":[1]},"o":{"x":[0.333],"y":[0]},"t":260,"s":[100]},{"t":300.00001221925,"s":[100]}],"ix":11},"r":{"a":0,"k":0,"ix":10},"p":{"a":1,"k":[{"i":{"x":0.833,"y":0.833},"o":{"x":0.333,"y":0},"t":0,"s":[960,540,0],"to":[-1.333,42.667,0],"ti":[1.333,-42.667,0]},{"i":{"x":0.833,"y":0.833},"o":{"x":0.333,"y":0.333},"t":50,"s":[952,796,0],"to":[0,0,0],"ti":[0,0,0]},{"i":{"x":0.833,"y":0.833},"o":{"x":0.333,"y":0.333},"t":100,"s":[952,796,0],"to":[0,0,0],"ti":[0,0,0]},{"i":{"x":0.833,"y":0.833},"o":{"x":0.333,"y":0.333},"t":150,"s":[952,796,0],"to":[0,0,0],"ti":[0,0,0]},{"i":{"x":0.833,"y":0.833},"o":{"x":0.333,"y":0.333},"t":210,"s":[952,796,0],"to":[0,0,0],"ti":[0,0,0]},{"i":{"x":0.833,"y":0.833},"o":{"x":0.333,"y":0.333},"t":260,"s":[952,796,0],"to":[0,0,0],"ti":[0,0,0]},{"t":300.00001221925,"s":[952,796,0]}],"ix":2,"l":2},"a":{"a":0,"k":[1143.5,3.5,0],"ix":1,"l":2},"s":{"a":0,"k":[53.126,100,100],"ix":6,"l":2}},"ao":0,"ip":0,"op":450.000018328876,"st":0,"bm":0},{"ddd":0,"ind":2,"ty":2,"nm":"bitleaf.png","cl":"png","refId":"image_1","sr":1,"ks":{"o":{"a":1,"k":[{"i":{"x":[0.833],"y":[1]},"o":{"x":[0.333],"y":[0]},"t":0,"s":[0]},{"i":{"x":[0.833],"y":[1]},"o":{"x":[0.333],"y":[0]},"t":50,"s":[0]},{"i":{"x":[0.833],"y":[1]},"o":{"x":[0.333],"y":[0]},"t":100,"s":[0]},{"i":{"x":[0.833],"y":[1]},"o":{"x":[0.333],"y":[0]},"t":150,"s":[0]},{"i":{"x":[0.833],"y":[0.833]},"o":{"x":[0.333],"y":[0]},"t":210,"s":[0]},{"i":{"x":[0.833],"y":[0.833]},"o":{"x":[0.333],"y":[0]},"t":260,"s":[27]},{"t":300.00001221925,"s":[100]}],"ix":11},"r":{"a":0,"k":0,"ix":10},"p":{"a":0,"k":[989,762,0],"ix":2,"l":2},"a":{"a":0,"k":[966,60,0],"ix":1,"l":2},"s":{"a":0,"k":[54.865,53.623,100],"ix":6,"l":2}},"ao":0,"ip":0,"op":450.000018328876,"st":0,"bm":0},{"ddd":0,"ind":3,"ty":2,"nm":"manpng.png","cl":"png","refId":"image_2","sr":1,"ks":{"o":{"a":1,"k":[{"i":{"x":[0.833],"y":[1]},"o":{"x":[0.333],"y":[0]},"t":0,"s":[0]},{"i":{"x":[0.833],"y":[1]},"o":{"x":[0.333],"y":[0]},"t":50,"s":[0]},{"i":{"x":[0.833],"y":[0.833]},"o":{"x":[0.333],"y":[0]},"t":100,"s":[0]},{"i":{"x":[0.833],"y":[0.833]},"o":{"x":[0.333],"y":[0]},"t":150,"s":[25]},{"i":{"x":[0.833],"y":[1]},"o":{"x":[0.333],"y":[0]},"t":210,"s":[100]},{"i":{"x":[0.833],"y":[1]},"o":{"x":[0.333],"y":[0]},"t":260,"s":[100]},{"t":300.00001221925,"s":[100]}],"ix":11},"r":{"a":0,"k":0,"ix":10},"p":{"a":1,"k":[{"i":{"x":0.833,"y":0.833},"o":{"x":0.333,"y":0.333},"t":0,"s":[1776,516,0],"to":[0,0,0],"ti":[0,0,0]},{"i":{"x":0.833,"y":0.833},"o":{"x":0.333,"y":0.333},"t":50,"s":[1776,516,0],"to":[0,0,0],"ti":[0,0,0]},{"i":{"x":0.833,"y":0.833},"o":{"x":0.333,"y":0},"t":100,"s":[1776,516,0],"to":[-45.333,8,0],"ti":[81.333,-14.667,0]},{"i":{"x":0.833,"y":0.833},"o":{"x":0.333,"y":0},"t":150,"s":[1504,564,0],"to":[-81.333,14.667,0],"ti":[36,-6.667,0]},{"i":{"x":0.833,"y":0.833},"o":{"x":0.333,"y":0.333},"t":210,"s":[1288,604,0],"to":[0,0,0],"ti":[0,0,0]},{"i":{"x":0.833,"y":0.833},"o":{"x":0.333,"y":0.333},"t":260,"s":[1288,604,0],"to":[0,0,0],"ti":[0,0,0]},{"t":300.00001221925,"s":[1288,604,0]}],"ix":2,"l":2},"a":{"a":0,"k":[185,435,0],"ix":1,"l":2},"s":{"a":0,"k":[46.667,46.667,100],"ix":6,"l":2}},"ao":0,"ip":0,"op":450.000018328876,"st":0,"bm":0},{"ddd":0,"ind":4,"ty":2,"nm":"docpng.png","cl":"png","refId":"image_3","sr":1,"ks":{"o":{"a":1,"k":[{"i":{"x":[0.833],"y":[1]},"o":{"x":[0.333],"y":[0]},"t":0,"s":[0]},{"i":{"x":[0.833],"y":[0.833]},"o":{"x":[0.333],"y":[0]},"t":50,"s":[0]},{"i":{"x":[0.833],"y":[0.833]},"o":{"x":[0.333],"y":[0]},"t":100,"s":[39]},{"i":{"x":[0.833],"y":[1]},"o":{"x":[0.333],"y":[0]},"t":150,"s":[100]},{"i":{"x":[0.833],"y":[1]},"o":{"x":[0.333],"y":[0]},"t":210,"s":[100]},{"i":{"x":[0.833],"y":[1]},"o":{"x":[0.333],"y":[0]},"t":260,"s":[100]},{"t":300.00001221925,"s":[100]}],"ix":11},"r":{"a":0,"k":0,"ix":10},"p":{"a":1,"k":[{"i":{"x":0.833,"y":0.833},"o":{"x":0.333,"y":0.333},"t":0,"s":[1448,-4,0],"to":[0,0,0],"ti":[0,0,0]},{"i":{"x":0.833,"y":0.833},"o":{"x":0.333,"y":0},"t":50,"s":[1448,-4,0],"to":[-82.667,97.333,0],"ti":[82.667,-97.333,0]},{"i":{"x":0.833,"y":0.833},"o":{"x":0.333,"y":0.333},"t":100,"s":[952,580,0],"to":[0,0,0],"ti":[0,0,0]},{"i":{"x":0.833,"y":0.833},"o":{"x":0.333,"y":0.333},"t":150,"s":[952,580,0],"to":[0,0,0],"ti":[0,0,0]},{"i":{"x":0.833,"y":0.833},"o":{"x":0.333,"y":0.333},"t":210,"s":[952,580,0],"to":[0,0,0],"ti":[0,0,0]},{"i":{"x":0.833,"y":0.833},"o":{"x":0.333,"y":0.333},"t":260,"s":[952,580,0],"to":[0,0,0],"ti":[0,0,0]},{"t":300.00001221925,"s":[952,580,0]}],"ix":2,"l":2},"a":{"a":0,"k":[393.5,536.5,0],"ix":1,"l":2},"s":{"a":0,"k":[41.315,41.315,100],"ix":6,"l":2}},"ao":0,"ip":0,"op":450.000018328876,"st":0,"bm":0},{"ddd":0,"ind":5,"ty":2,"nm":"bigleaf.png","cl":"png","refId":"image_4","sr":1,"ks":{"o":{"a":1,"k":[{"i":{"x":[0.833],"y":[1]},"o":{"x":[0.333],"y":[0]},"t":0,"s":[2]},{"i":{"x":[0.833],"y":[0.833]},"o":{"x":[0.333],"y":[0]},"t":50,"s":[2]},{"i":{"x":[0.833],"y":[0.833]},"o":{"x":[0.333],"y":[0]},"t":100,"s":[37]},{"i":{"x":[0.833],"y":[0.833]},"o":{"x":[0.333],"y":[0]},"t":150,"s":[53]},{"i":{"x":[0.833],"y":[1]},"o":{"x":[0.333],"y":[0]},"t":210,"s":[100]},{"i":{"x":[0.833],"y":[1]},"o":{"x":[0.333],"y":[0]},"t":260,"s":[100]},{"t":300.00001221925,"s":[100]}],"ix":11},"r":{"a":0,"k":0,"ix":10},"p":{"a":1,"k":[{"i":{"x":0.833,"y":0.833},"o":{"x":0.333,"y":0.333},"t":0,"s":[1808,364,0],"to":[0,0,0],"ti":[0,0,0]},{"i":{"x":0.833,"y":0.833},"o":{"x":0.333,"y":0},"t":50,"s":[1808,364,0],"to":[-43,-12,0],"ti":[79.667,-61.333,0]},{"i":{"x":0.833,"y":0.833},"o":{"x":0.333,"y":0},"t":100,"s":[1550,292,0],"to":[-79.667,61.333,0],"ti":[74,-54.667,0]},{"i":{"x":0.833,"y":0.833},"o":{"x":0.333,"y":0},"t":150,"s":[1330,732,0],"to":[-74,54.667,0],"ti":[37.333,18.667,0]},{"i":{"x":0.833,"y":0.833},"o":{"x":0.333,"y":0.333},"t":210,"s":[1106,620,0],"to":[0,0,0],"ti":[0,0,0]},{"i":{"x":0.833,"y":0.833},"o":{"x":0.333,"y":0.333},"t":260,"s":[1106,620,0],"to":[0,0,0],"ti":[0,0,0]},{"t":300.00001221925,"s":[1106,620,0]}],"ix":2,"l":2},"a":{"a":0,"k":[388.5,264,0],"ix":1,"l":2},"s":{"a":0,"k":[48.072,48.072,100],"ix":6,"l":2}},"ao":0,"ip":0,"op":450.000018328876,"st":0,"bm":0},{"ddd":0,"ind":6,"ty":2,"nm":"smallleaf.png","cl":"png","refId":"image_5","sr":1,"ks":{"o":{"a":1,"k":[{"i":{"x":[0.833],"y":[1]},"o":{"x":[0.333],"y":[0]},"t":0,"s":[0]},{"i":{"x":[0.833],"y":[1]},"o":{"x":[0.333],"y":[0]},"t":50,"s":[0]},{"i":{"x":[0.833],"y":[1]},"o":{"x":[0.333],"y":[0]},"t":100,"s":[0]},{"i":{"x":[0.833],"y":[0.833]},"o":{"x":[0.333],"y":[0]},"t":150,"s":[0]},{"i":{"x":[0.833],"y":[1]},"o":{"x":[0.333],"y":[0]},"t":210,"s":[100]},{"i":{"x":[0.833],"y":[1]},"o":{"x":[0.333],"y":[0]},"t":260,"s":[100]},{"t":300.00001221925,"s":[100]}],"ix":11},"r":{"a":0,"k":0,"ix":10},"p":{"a":1,"k":[{"i":{"x":0.833,"y":0.833},"o":{"x":0.333,"y":0},"t":0,"s":[36,148,0],"to":[-0.667,0,0],"ti":[0.667,0,0]},{"i":{"x":0.833,"y":0.833},"o":{"x":0.333,"y":0.333},"t":50,"s":[32,148,0],"to":[0,0,0],"ti":[0,0,0]},{"i":{"x":0.833,"y":0.833},"o":{"x":0.333,"y":0.333},"t":100,"s":[32,148,0],"to":[0,0,0],"ti":[0,0,0]},{"i":{"x":0.833,"y":0.833},"o":{"x":0.333,"y":0},"t":150,"s":[32,148,0],"to":[123.333,38.667,0],"ti":[-123.333,-38.667,0]},{"i":{"x":0.833,"y":0.833},"o":{"x":0.333,"y":0.333},"t":210,"s":[772,380,0],"to":[0,0,0],"ti":[0,0,0]},{"i":{"x":0.833,"y":0.833},"o":{"x":0.333,"y":0.333},"t":260,"s":[772,380,0],"to":[0,0,0],"ti":[0,0,0]},{"t":300.00001221925,"s":[772,380,0]}],"ix":2,"l":2},"a":{"a":0,"k":[231,265,0],"ix":1,"l":2},"s":{"a":0,"k":[30.736,30.736,100],"ix":6,"l":2}},"ao":0,"ip":0,"op":450.000018328876,"st":0,"bm":0},{"ddd":0,"ind":7,"ty":2,"nm":"ladypng.png","cl":"png","refId":"image_6","sr":1,"ks":{"o":{"a":1,"k":[{"i":{"x":[0.833],"y":[1]},"o":{"x":[0.333],"y":[0]},"t":50,"s":[0]},{"i":{"x":[0.833],"y":[0.833]},"o":{"x":[0.333],"y":[0]},"t":100,"s":[0]},{"i":{"x":[0.833],"y":[0.833]},"o":{"x":[0.333],"y":[0]},"t":150,"s":[28]},{"i":{"x":[0.833],"y":[1]},"o":{"x":[0.333],"y":[0]},"t":210,"s":[100]},{"i":{"x":[0.833],"y":[1]},"o":{"x":[0.333],"y":[0]},"t":260,"s":[100]},{"t":300.00001221925,"s":[100]}],"ix":11},"r":{"a":0,"k":0,"ix":10},"p":{"a":1,"k":[{"i":{"x":0.833,"y":0.833},"o":{"x":0.333,"y":0.333},"t":0,"s":[56,540,0],"to":[0,0,0],"ti":[0,0,0]},{"i":{"x":0.833,"y":0.833},"o":{"x":0.333,"y":0.333},"t":50,"s":[56,540,0],"to":[0,0,0],"ti":[0,0,0]},{"i":{"x":0.833,"y":0.833},"o":{"x":0.333,"y":0},"t":100,"s":[56,540,0],"to":[37.333,2,0],"ti":[-90,-8,0]},{"i":{"x":0.833,"y":0.833},"o":{"x":0.333,"y":0},"t":150,"s":[280,552,0],"to":[90,8,0],"ti":[-52.667,-6,0]},{"i":{"x":0.833,"y":0.833},"o":{"x":0.333,"y":0.333},"t":210,"s":[596,588,0],"to":[0,0,0],"ti":[0,0,0]},{"i":{"x":0.833,"y":0.833},"o":{"x":0.333,"y":0.333},"t":260,"s":[596,588,0],"to":[0,0,0],"ti":[0,0,0]},{"t":300.00001221925,"s":[596,588,0]}],"ix":2,"l":2},"a":{"a":0,"k":[104,419.5,0],"ix":1,"l":2},"s":{"a":0,"k":[52.453,52.453,100],"ix":6,"l":2}},"ao":0,"ip":0,"op":450.000018328876,"st":0,"bm":0},{"ddd":0,"ind":8,"ty":2,"nm":"meduimleaf.png","cl":"png","refId":"image_7","sr":1,"ks":{"o":{"a":1,"k":[{"i":{"x":[0.833],"y":[1]},"o":{"x":[0.333],"y":[0]},"t":0,"s":[1]},{"i":{"x":[0.833],"y":[0.833]},"o":{"x":[0.333],"y":[0]},"t":50,"s":[1]},{"i":{"x":[0.833],"y":[0.833]},"o":{"x":[0.333],"y":[0]},"t":100,"s":[37]},{"i":{"x":[0.833],"y":[0.833]},"o":{"x":[0.333],"y":[0]},"t":150,"s":[56]},{"i":{"x":[0.833],"y":[1]},"o":{"x":[0.333],"y":[0]},"t":210,"s":[100]},{"i":{"x":[0.833],"y":[1]},"o":{"x":[0.333],"y":[0]},"t":260,"s":[100]},{"t":300.00001221925,"s":[100]}],"ix":11},"r":{"a":0,"k":0,"ix":10},"p":{"a":1,"k":[{"i":{"x":0.833,"y":0.833},"o":{"x":0.333,"y":0.333},"t":0,"s":[8,916,0],"to":[0,0,0],"ti":[0,0,0]},{"i":{"x":0.833,"y":0.833},"o":{"x":0.333,"y":0},"t":50,"s":[8,916,0],"to":[29.5,-58.333,0],"ti":[-96.833,105.667,0]},{"i":{"x":0.833,"y":0.833},"o":{"x":0.333,"y":0},"t":100,"s":[185,566,0],"to":[96.833,-105.667,0],"ti":[-96.667,-13.333,0]},{"i":{"x":0.833,"y":0.833},"o":{"x":0.333,"y":0},"t":150,"s":[589,282,0],"to":[96.667,13.333,0],"ti":[-29.333,-60.667,0]},{"i":{"x":0.833,"y":0.833},"o":{"x":0.333,"y":0.333},"t":210,"s":[765,646,0],"to":[0,0,0],"ti":[0,0,0]},{"i":{"x":0.833,"y":0.833},"o":{"x":0.333,"y":0.333},"t":260,"s":[765,646,0],"to":[0,0,0],"ti":[0,0,0]},{"t":300.00001221925,"s":[765,646,0]}],"ix":2,"l":2},"a":{"a":0,"k":[252.5,172,0],"ix":1,"l":2},"s":{"a":0,"k":[63.901,63.901,100],"ix":6,"l":2}},"ao":0,"ip":0,"op":450.000018328876,"st":0,"bm":0},{"ddd":0,"ind":9,"ty":2,"nm":"Path 3024.png","cl":"png","refId":"image_8","sr":1,"ks":{"o":{"a":1,"k":[{"i":{"x":[0.833],"y":[0.833]},"o":{"x":[0.333],"y":[0]},"t":0,"s":[1]},{"i":{"x":[0.833],"y":[0.833]},"o":{"x":[0.333],"y":[0]},"t":50,"s":[48]},{"i":{"x":[0.833],"y":[1]},"o":{"x":[0.333],"y":[0]},"t":100,"s":[100]},{"i":{"x":[0.833],"y":[1]},"o":{"x":[0.333],"y":[0]},"t":150,"s":[100]},{"i":{"x":[0.833],"y":[1]},"o":{"x":[0.333],"y":[0]},"t":210,"s":[100]},{"i":{"x":[0.833],"y":[1]},"o":{"x":[0.333],"y":[0]},"t":260,"s":[100]},{"t":300.00001221925,"s":[100]}],"ix":11},"r":{"a":0,"k":0,"ix":10},"p":{"a":1,"k":[{"i":{"x":0.833,"y":0.833},"o":{"x":0.333,"y":0.333},"t":0,"s":[960,540,0],"to":[0,0,0],"ti":[0,0,0]},{"i":{"x":0.833,"y":0.833},"o":{"x":0.333,"y":0},"t":50,"s":[960,540,0],"to":[0,-6.667,0],"ti":[0,6.667,0]},{"i":{"x":0.833,"y":0.833},"o":{"x":0.333,"y":0.333},"t":100,"s":[960,500,0],"to":[0,0,0],"ti":[0,0,0]},{"i":{"x":0.833,"y":0.833},"o":{"x":0.333,"y":0.333},"t":150,"s":[960,500,0],"to":[0,0,0],"ti":[0,0,0]},{"i":{"x":0.833,"y":0.833},"o":{"x":0.333,"y":0.333},"t":210,"s":[960,500,0],"to":[0,0,0],"ti":[0,0,0]},{"i":{"x":0.833,"y":0.833},"o":{"x":0.333,"y":0.333},"t":260,"s":[960,500,0],"to":[0,0,0],"ti":[0,0,0]},{"t":300.00001221925,"s":[960,500,0]}],"ix":2,"l":2},"a":{"a":0,"k":[1073.5,733.5,0],"ix":1,"l":2},"s":{"a":0,"k":[39.439,39.439,100],"ix":6,"l":2}},"ao":0,"ip":0,"op":450.000018328876,"st":0,"bm":0}],"markers":[]}